{"im_size": 8, "camera_pos": [[1.2825146913528442, 0.23042699694633484, 6.548913478851318], [-2.6668002605438232, 2.666799783706665, 6.197000026702881], [2.6668002605438232, -2.666799783706665, 6.197000026702881], [2.6668002605438232, 2.666799783706665, 6.197000026702881], [-2.6668002605438232, -2.666799783706665, 6.197000026702881], [0.0, 2.666799783706665, 6.197000026702881], [0.0, -2.666799783706665, 6.197000026702881], [-2.6668002605438232, 0.0, 6.197000026702881], [2.6668002605438232, 0.0, 6.197000026702881]], "light_pos": [[-0.22497111558914185, 0.5523285865783691, 6.363913059234619], [-2.6668002605438232, 2.666799783706665, 6.197000026702881], [2.6668002605438232, -2.666799783706665, 6.197000026702881], [2.6668002605438232, 2.666799783706665, 6.197000026702881], [-2.6668002605438232, -2.666799783706665, 6.197000026702881], [0.0, 2.666799783706665, 6.197000026702881], [0.0, -2.666799783706665, 6.197000026702881], [-2.6668002605438232, 0.0, 6.197000026702881], [2.6668002605438232, 0.0, 6.197000026702881]], "light_pow": 62.831851959228516}