{"im_size": 8, "camera_pos": [[-0.7118164300918579, -0.38129207491874695, 6.780186653137207], [-0.569873034954071, 0.7874205708503723, 6.193076133728027], [-0.2972804009914398, -0.5278854966163635, 5.742363452911377], [0.39385196566581726, 0.17344512045383453, 6.220747947692871], [-0.1341705173254013, -0.8214085698127747, 6.898681163787842], [0.03122800588607788, 0.47621458768844604, 6.3913679122924805], [-1.0120360851287842, -0.4251038432121277, 6.5205397605896], [-0.36801475286483765, 0.027223916724324226, 6.706906795501709], [-0.3349206745624542, -0.2109343409538269, 7.590063571929932], [0.6541339755058289, 0.6217169165611267, 6.852799415588379]], "light_pos": [[0.14481815695762634, 1.1160603761672974, 6.2697930335998535], [-2.6008288860321045, -0.20207719504833221, 5.621180057525635], [-5.36796236038208, 1.3423314094543457, 2.7903287410736084], [-1.8442707061767578, -0.966639518737793, 5.836700916290283], [-2.170431613922119, 1.2231922149658203, 5.674137592315674], [-1.8554147481918335, 2.275668144226074, 5.457250118255615], [-2.046762466430664, -3.188197374343872, 4.903975009918213], [-2.762923002243042, -0.23969827592372894, 5.541805744171143], [0.6762184500694275, 4.424254894256592, 4.286201000213623], [-1.718210220336914, 0.9774875044822693, 5.873251438140869]], "light_pow": 62.831851959228516}